,rank,elpd_loo,p_loo,elpd_diff,weight,se,dse,warning,scale
OU-Branch,0,-908.54189657399,125.53772045334131,0.0,0.7499443915769538,17.525145029680697,0.0,True,log
OU,1,-926.5899726287572,186.44400669400818,18.048076054767108,0.2500556084220418,18.628676961295447,10.17245702347503,True,log
RW,2,-1005.7620122863257,151.35676483108102,97.22011571233554,1.0045159458004096e-12,23.053310915190774,14.43067443684109,True,log
